{
  "Exact Match Accuracy": 68.312,
  "Average BLEU Score": 0.866897186567411098,
  "ROUGE-1": 0.89426113256002643,
  "ROUGE-2": 0.901991489357432595,
  "ROUGE-L": 0.912261708045107787
}
